employee_id,name,program_office,grade_level
EMP0001,Employee_1,FIN,GS-12
EMP0002,Employee_2,OPS,GS-11
EMP0003,Employee_3,OPS,GS-9
EMP0004,Employee_4,ADMIN,GS-14
EMP0005,Employee_5,FIN,GS-14
EMP0006,Employee_6,OPS,GS-7
EMP0007,Employee_7,PMO,GS-9
EMP0008,Employee_8,TRANS,GS-14
EMP0009,Employee_9,TRANS,GS-11
EMP0010,Employee_10,FIN,GS-11
EMP0011,Employee_11,ADMIN,GS-14
EMP0012,Employee_12,ADMIN,GS-12
EMP0013,Employee_13,LOG,GS-13
EMP0014,Employee_14,PMO,GS-9
EMP0015,Employee_15,LOG,GS-9
EMP0016,Employee_16,ADMIN,GS-13
EMP0017,Employee_17,FIN,GS-14
EMP0018,Employee_18,LOG,GS-11
EMP0019,Employee_19,FIN,GS-7
EMP0020,Employee_20,ADMIN,GS-14
EMP0021,Employee_21,PMO,GS-11
EMP0022,Employee_22,TRANS,GS-7
EMP0023,Employee_23,FIN,GS-12
EMP0024,Employee_24,ADMIN,GS-13
EMP0025,Employee_25,LOG,GS-14
EMP0026,Employee_26,TRANS,GS-13
EMP0027,Employee_27,OPS,GS-7
EMP0028,Employee_28,TRANS,GS-11
EMP0029,Employee_29,FIN,GS-7
EMP0030,Employee_30,ADMIN,GS-11
EMP0031,Employee_31,PMO,GS-12
EMP0032,Employee_32,OPS,GS-13
EMP0033,Employee_33,PMO,GS-12
EMP0034,Employee_34,LOG,GS-7
EMP0035,Employee_35,FIN,GS-9
EMP0036,Employee_36,LOG,GS-13
EMP0037,Employee_37,OPS,GS-7
EMP0038,Employee_38,OPS,GS-7
EMP0039,Employee_39,OPS,GS-9
EMP0040,Employee_40,ADMIN,GS-13
EMP0041,Employee_41,FIN,GS-13
EMP0042,Employee_42,FIN,GS-9
EMP0043,Employee_43,OPS,GS-14
EMP0044,Employee_44,OPS,GS-11
EMP0045,Employee_45,OPS,GS-9
EMP0046,Employee_46,OPS,GS-7
EMP0047,Employee_47,FIN,GS-13
EMP0048,Employee_48,OPS,GS-11
EMP0049,Employee_49,PMO,GS-7
EMP0050,Employee_50,OPS,GS-7
EMP0051,Employee_51,TRANS,GS-14
EMP0052,Employee_52,OPS,GS-12
EMP0053,Employee_53,ADMIN,GS-7
EMP0054,Employee_54,ADMIN,GS-9
EMP0055,Employee_55,OPS,GS-11
EMP0056,Employee_56,PMO,GS-14
EMP0057,Employee_57,ADMIN,GS-12
EMP0058,Employee_58,PMO,GS-13
EMP0059,Employee_59,FIN,GS-13
EMP0060,Employee_60,ADMIN,GS-9
EMP0061,Employee_61,TRANS,GS-12
EMP0062,Employee_62,ADMIN,GS-13
EMP0063,Employee_63,TRANS,GS-9
EMP0064,Employee_64,LOG,GS-11
EMP0065,Employee_65,LOG,GS-14
EMP0066,Employee_66,PMO,GS-9
EMP0067,Employee_67,PMO,GS-13
EMP0068,Employee_68,OPS,GS-11
EMP0069,Employee_69,OPS,GS-7
EMP0070,Employee_70,LOG,GS-12
EMP0071,Employee_71,PMO,GS-14
EMP0072,Employee_72,OPS,GS-11
EMP0073,Employee_73,ADMIN,GS-12
EMP0074,Employee_74,TRANS,GS-7
EMP0075,Employee_75,FIN,GS-7
EMP0076,Employee_76,FIN,GS-14
EMP0077,Employee_77,LOG,GS-9
EMP0078,Employee_78,FIN,GS-11
EMP0079,Employee_79,FIN,GS-9
EMP0080,Employee_80,OPS,GS-7
EMP0081,Employee_81,ADMIN,GS-12
EMP0082,Employee_82,FIN,GS-12
EMP0083,Employee_83,TRANS,GS-9
EMP0084,Employee_84,FIN,GS-12
EMP0085,Employee_85,FIN,GS-14
EMP0086,Employee_86,TRANS,GS-7
EMP0087,Employee_87,TRANS,GS-9
EMP0088,Employee_88,LOG,GS-12
EMP0089,Employee_89,OPS,GS-9
EMP0090,Employee_90,OPS,GS-13
EMP0091,Employee_91,PMO,GS-14
EMP0092,Employee_92,FIN,GS-13
EMP0093,Employee_93,FIN,GS-12
EMP0094,Employee_94,PMO,GS-11
EMP0095,Employee_95,FIN,GS-9
EMP0096,Employee_96,FIN,GS-9
EMP0097,Employee_97,FIN,GS-11
EMP0098,Employee_98,OPS,GS-9
EMP0099,Employee_99,LOG,GS-11
EMP0100,Employee_100,TRANS,GS-11
EMP0101,Employee_101,TRANS,GS-13
EMP0102,Employee_102,PMO,GS-13
EMP0103,Employee_103,PMO,GS-13
EMP0104,Employee_104,PMO,GS-9
EMP0105,Employee_105,FIN,GS-14
EMP0106,Employee_106,FIN,GS-9
EMP0107,Employee_107,TRANS,GS-12
EMP0108,Employee_108,TRANS,GS-13
EMP0109,Employee_109,LOG,GS-13
EMP0110,Employee_110,FIN,GS-12
EMP0111,Employee_111,TRANS,GS-7
EMP0112,Employee_112,OPS,GS-11
EMP0113,Employee_113,LOG,GS-7
EMP0114,Employee_114,TRANS,GS-11
EMP0115,Employee_115,OPS,GS-9
EMP0116,Employee_116,PMO,GS-11
EMP0117,Employee_117,PMO,GS-13
EMP0118,Employee_118,ADMIN,GS-14
EMP0119,Employee_119,PMO,GS-7
EMP0120,Employee_120,PMO,GS-12
EMP0121,Employee_121,ADMIN,GS-11
EMP0122,Employee_122,FIN,GS-9
EMP0123,Employee_123,PMO,GS-7
EMP0124,Employee_124,TRANS,GS-13
EMP0125,Employee_125,LOG,GS-14
EMP0126,Employee_126,PMO,GS-12
EMP0127,Employee_127,PMO,GS-12
EMP0128,Employee_128,PMO,GS-14
EMP0129,Employee_129,FIN,GS-7
EMP0130,Employee_130,LOG,GS-13
EMP0131,Employee_131,OPS,GS-11
EMP0132,Employee_132,OPS,GS-11
EMP0133,Employee_133,FIN,GS-13
EMP0134,Employee_134,TRANS,GS-12
EMP0135,Employee_135,PMO,GS-13
EMP0136,Employee_136,OPS,GS-7
EMP0137,Employee_137,ADMIN,GS-7
EMP0138,Employee_138,ADMIN,GS-14
EMP0139,Employee_139,OPS,GS-11
EMP0140,Employee_140,OPS,GS-7
EMP0141,Employee_141,OPS,GS-9
EMP0142,Employee_142,FIN,GS-9
EMP0143,Employee_143,TRANS,GS-11
EMP0144,Employee_144,TRANS,GS-7
EMP0145,Employee_145,OPS,GS-9
EMP0146,Employee_146,PMO,GS-14
EMP0147,Employee_147,TRANS,GS-11
EMP0148,Employee_148,ADMIN,GS-9
EMP0149,Employee_149,TRANS,GS-11
EMP0150,Employee_150,LOG,GS-9
